;Date;Time;x;y;fx;fy;;;;
1;28/11/2022;10:46:44.813;120;-120;0;100;;;;
;28/11/2022;10:46:44.875;120;-120;0;100;;;;
;28/11/2022;10:46:44.938;120;-120;0;100;;;;
;28/11/2022;10:46:45.000;120;-120;0;100;;;;
;28/11/2022;10:46:45.063;120;-119;0;121;;;;
;28/11/2022;10:46:45.125;120;-117;0;121;;;;
;28/11/2022;10:46:45.188;120;-116;0;121;;;;
;28/11/2022;10:46:45.250;120;-113;30;121;;;;
;28/11/2022;10:46:45.313;120;-111;30;121;;;;
;28/11/2022;10:46:45.375;120;-110;30;120;;;;
;28/11/2022;10:46:45.438;120;-108;30;120;;;;
;28/11/2022;10:46:45.500;120;-105;26;120;;;;
;28/11/2022;10:46:45.563;120;-104;26;120;;;;
;28/11/2022;10:46:45.625;120;-103;26;120;;;;
;28/11/2022;10:46:45.688;120;-101;26;124;;;;
;28/11/2022;10:46:45.750;120;-98;26;124;;;;
;28/11/2022;10:46:45.813;120;-97;26;124;;;;
;28/11/2022;10:46:45.875;120;-95;0;124;;;;
;28/11/2022;10:46:45.938;120;-92;0;213;;;;
;28/11/2022;10:46:46.000;120;-89;0;213;;;;
;28/11/2022;10:46:46.063;120;-86;0;213;;;;
;28/11/2022;10:46:46.125;120;-82;0;213;;;;
;28/11/2022;10:46:46.188;120;-79;0;213;;;;
;28/11/2022;10:46:46.250;120;-73;0;263;;;;
;28/11/2022;10:46:46.313;120;-68;0;263;;;;
;28/11/2022;10:46:46.375;120;-63;0;263;;;;
;28/11/2022;10:46:46.438;120;-59;0;263;;;;
;28/11/2022;10:46:46.500;120;-49;0;263;;;;
;28/11/2022;10:46:46.563;120;-44;0;263;;;x;y
;28/11/2022;10:46:46.625;120;-43;0;82;;;;
;28/11/2022;10:46:46.688;120;-43;0;82;;;;
;28/11/2022;10:46:46.750;120;-43;0;82;;;;
;28/11/2022;10:46:46.813;120;-43;0;82;;;;
;28/11/2022;10:46:46.875;120;-43;0;82;;;;
;28/11/2022;10:46:46.938;120;-40;0;275;;;;
;28/11/2022;10:46:47.000;120;-30;0;275;;;;
;28/11/2022;10:46:47.063;120;-26;0;275;;;;
;28/11/2022;10:46:47.125;120;-21;64;275;;;;
;28/11/2022;10:46:47.188;120;-16;64;275;;;;
;28/11/2022;10:46:47.250;120;-11;64;143;;;;
;28/11/2022;10:46:47.313;120;-10;64;143;;;;
;28/11/2022;10:46:47.375;120;-8;64;143;;;;
;28/11/2022;10:46:47.438;120;-6;0;143;;;;
;28/11/2022;10:46:47.500;120;-2;0;306;;;;
;28/11/2022;10:46:47.563;120;1;0;306;;;;
;28/11/2022;10:46:47.625;120;4;0;306;;;;
;28/11/2022;10:46:47.688;120;8;0;306;;;;
;28/11/2022;10:46:47.750;120;15;0;306;;;;
;28/11/2022;10:46:47.813;120;19;0;261;;;;
;28/11/2022;10:46:47.875;120;24;0;261;;;;
;28/11/2022;10:46:47.938;120;29;0;261;;;;
;28/11/2022;10:46:48.001;120;38;0;261;;;;
;28/11/2022;10:46:48.063;120;43;0;261;;;;
;28/11/2022;10:46:48.126;120;47;0;81;;;;
;28/11/2022;10:46:48.188;120;47;0;81;;;;
;28/11/2022;10:46:48.251;120;47;0;81;;;;
;28/11/2022;10:46:48.313;120;47;0;81;;;;
;28/11/2022;10:46:48.376;120;47;0;81;;;;
;28/11/2022;10:46:48.438;120;47;0;286;;;;
;28/11/2022;10:46:48.501;120;57;0;286;;;;
;28/11/2022;10:46:48.563;120;61;0;286;;;;
;28/11/2022;10:46:48.626;120;66;0;286;;;;
;28/11/2022;10:46:48.688;121;71;132;286;;;;
;28/11/2022;10:46:48.751;124;76;132;0;;;;
;28/11/2022;10:46:48.813;126;76;132;0;;;;
;28/11/2022;10:46:48.876;128;76;132;0;;;;
;28/11/2022;10:46:48.938;129;76;132;0;;;;
;28/11/2022;10:46:49.001;130;76;0;0;;;;
;28/11/2022;10:46:49.063;130;77;0;206;;;;
;28/11/2022;10:46:49.126;130;81;0;206;;;;
;28/11/2022;10:46:49.188;130;84;0;206;;;;
;28/11/2022;10:46:49.251;130;91;0;206;;;;
;28/11/2022;10:46:49.313;130;94;0;206;;;;
;28/11/2022;10:46:49.376;130;95;-58;0;;;;
;28/11/2022;10:46:49.438;130;95;-58;0;;;;
;28/11/2022;10:46:49.501;130;95;-58;0;;;;
;28/11/2022;10:46:49.563;130;95;-58;0;;;;
;28/11/2022;10:46:49.626;130;95;-58;0;;;;
;28/11/2022;10:46:49.689;130;96;0;374;;;;
;28/11/2022;10:46:49.751;130;104;0;374;;;;
;28/11/2022;10:46:49.813;130;107;0;374;;;;
;28/11/2022;10:46:49.876;130;111;0;374;;;;
;28/11/2022;10:46:49.939;130;115;0;374;;;;
;28/11/2022;10:46:50.001;130;122;0;303;;;;
;28/11/2022;10:46:50.063;130;126;0;303;;;;
;28/11/2022;10:46:50.126;130;129;0;303;;;;
;28/11/2022;10:46:50.188;130;130;0;303;;;;
;28/11/2022;10:46:50.251;130;130;0;303;;;;
;28/11/2022;10:46:50.314;130;130;0;219;;;;
;28/11/2022;10:46:50.376;130;130;0;219;;;;
;28/11/2022;10:46:50.439;130;130;0;219;;;;
;28/11/2022;10:46:50.501;130;130;0;219;;;;
;28/11/2022;10:46:50.563;130;130;0;219;;;;
;28/11/2022;10:46:50.626;130;130;0;255;;;;
;28/11/2022;10:46:50.688;130;130;0;255;;;;
;28/11/2022;10:46:50.751;130;130;0;255;;;;
;28/11/2022;10:46:50.813;130;130;0;255;;;;
;28/11/2022;10:46:50.876;130;130;0;255;;;;
;28/11/2022;10:46:50.938;130;130;0;255;;;;
;28/11/2022;10:46:51.001;130;130;0;263;;;;
;28/11/2022;10:46:51.064;130;130;0;263;;;;
;28/11/2022;10:46:51.126;130;130;0;263;;;;
;28/11/2022;10:46:51.189;130;130;0;263;;;;
;28/11/2022;10:46:51.251;130;130;0;249;;;;
;28/11/2022;10:46:51.314;130;130;0;249;;;;
;28/11/2022;10:46:51.376;130;130;0;249;;;;
;28/11/2022;10:46:51.439;130;130;0;249;;;;
;28/11/2022;10:46:51.501;129;130;-129;249;;;;
2;28/11/2022;10:46:51.563;127;130;-129;0;;;;
;28/11/2022;10:46:51.626;126;130;-129;0;;;;
;28/11/2022;10:46:51.688;124;130;-129;0;;;;
;28/11/2022;10:46:51.751;121;130;-129;0;;;;
;28/11/2022;10:46:51.813;119;130;-261;0;;;;
;28/11/2022;10:46:51.876;115;130;-261;0;;;;
;28/11/2022;10:46:51.938;111;130;-261;0;;;;
;28/11/2022;10:46:52.001;103;128;-261;-114;;;;
;28/11/2022;10:46:52.079;99;127;-261;-114;;;;
;28/11/2022;10:46:52.126;95;125;-223;-114;;;;
;28/11/2022;10:46:52.189;89;123;-223;-114;;;;
;28/11/2022;10:46:52.251;85;121;-223;-406;;;;
;28/11/2022;10:46:52.313;82;118;-223;-406;;;;
;28/11/2022;10:46:52.376;79;114;-223;-406;;;;
;28/11/2022;10:46:52.438;75;111;-198;-406;;;;
;28/11/2022;10:46:52.501;71;102;-198;-406;;;;
;28/11/2022;10:46:52.563;68;97;-198;-349;;;;
;28/11/2022;10:46:52.626;66;93;-198;-349;;;;
;28/11/2022;10:46:52.688;61;84;-148;-349;;;;
;28/11/2022;10:46:52.751;60;80;-148;-349;;;;
;28/11/2022;10:46:52.829;58;77;-148;-349;;;;
;28/11/2022;10:46:52.907;54;70;-148;-312;;;;
;28/11/2022;10:46:52.938;53;66;-148;-312;;;;
;28/11/2022;10:46:53.032;51;63;-148;-312;;;;
;28/11/2022;10:46:53.063;48;59;-232;-312;;;;
;28/11/2022;10:46:53.142;41;52;-232;-312;;;;
;28/11/2022;10:46:53.204;38;48;-232;-276;;;;
;28/11/2022;10:46:53.251;35;43;-232;-276;;;;
;28/11/2022;10:46:53.313;32;39;-232;-276;;;;
;28/11/2022;10:46:53.376;28;34;-234;-276;;;;
;28/11/2022;10:46:53.438;22;25;-234;-276;;;;
;28/11/2022;10:46:53.501;19;21;-234;-241;;;;
;28/11/2022;10:46:53.579;15;18;-234;-241;;;;
;28/11/2022;10:46:53.642;9;11;-186;-241;;;;
;28/11/2022;10:46:53.704;7;8;-186;-241;;;;
;28/11/2022;10:46:53.751;4;5;-186;-241;;;;
;28/11/2022;10:46:53.814;2;1;-186;-290;;;;
;28/11/2022;10:46:53.876;0;-3;-186;-290;;;;
;28/11/2022;10:46:53.939;-4;-13;-178;-290;;;;
;28/11/2022;10:46:54.017;-7;-17;-178;-290;;;;
;28/11/2022;10:46:54.064;-9;-22;-178;-290;;;;
;28/11/2022;10:46:54.126;-12;-26;-178;-175;;;;
;28/11/2022;10:46:54.189;-17;-31;-178;-175;;;;
;28/11/2022;10:46:54.251;-19;-33;-132;-175;;;;
;28/11/2022;10:46:54.314;-21;-36;-132;-175;;;;
;28/11/2022;10:46:54.376;-22;-39;-132;-175;;;;
;28/11/2022;10:46:54.439;-24;-41;-132;-251;;;;
;28/11/2022;10:46:54.501;-27;-48;-132;-251;;;;
;28/11/2022;10:46:54.564;-29;-51;-220;-251;;;;
;28/11/2022;10:46:54.626;-33;-55;-220;-251;;;;
;28/11/2022;10:46:54.689;-36;-58;-220;-251;;;;
;28/11/2022;10:46:54.751;-42;-65;-220;-240;;;;
;28/11/2022;10:46:54.814;-45;-68;-220;-240;;;;
;28/11/2022;10:46:54.876;-49;-71;-219;-240;;;;
;28/11/2022;10:46:54.939;-55;-77;-219;-240;;;;
;28/11/2022;10:46:55.001;-58;-81;-219;-240;;;;
;28/11/2022;10:46:55.079;-62;-84;-219;-240;;;;
;28/11/2022;10:46:55.142;-65;-87;-219;-210;;;;
;28/11/2022;10:46:55.204;-71;-94;-235;-210;;;;
;28/11/2022;10:46:55.282;-74;-97;-235;-210;;;;
;28/11/2022;10:46:55.314;-78;-100;-235;-210;;;;
;28/11/2022;10:46:55.376;-81;-103;-235;-210;;;;
;28/11/2022;10:46:55.439;-88;-107;-235;-137;;;;
;28/11/2022;10:46:55.517;-90;-109;-183;-137;;;;
;28/11/2022;10:46:55.579;-93;-110;-183;-137;;;;
;28/11/2022;10:46:55.642;-98;-114;-183;-137;;;;
;28/11/2022;10:46:55.704;-100;-116;-183;-187;;;;
;28/11/2022;10:46:55.767;-103;-118;-183;-187;;;;
;28/11/2022;10:46:55.829;-105;-121;-195;-187;;;;
;28/11/2022;10:46:55.892;-111;-126;-195;-187;;;;
;28/11/2022;10:46:55.954;-113;-128;-195;-187;;;;
;28/11/2022;10:46:56.017;-116;-130;-195;-85;;;;
;28/11/2022;10:46:56.064;-119;-130;-195;-85;;;;
;28/11/2022;10:46:56.126;-122;-130;-333;-85;;;;
;28/11/2022;10:46:56.189;-126;-130;-333;-85;;;;
;28/11/2022;10:46:56.267;-134;-127;-333;198;;;;
;28/11/2022;10:46:56.329;-139;-124;-333;198;;;;
;28/11/2022;10:46:56.392;-146;-120;-45;198;;;;
;28/11/2022;10:46:56.439;-146;-117;-45;198;;;;
3;28/11/2022;10:46:56.517;-146;-115;-45;0;;;;
;28/11/2022;10:46:56.579;-146;-115;-45;0;;;;
;28/11/2022;10:46:56.642;-146;-115;-45;-47;;;;
;28/11/2022;10:46:56.704;-146;-115;0;-47;;;;
;28/11/2022;10:46:56.767;-146;-115;0;-47;;;;
;28/11/2022;10:46:56.814;-146;-115;0;-47;;;;
;28/11/2022;10:46:56.876;-146;-115;0;-47;;;;
;28/11/2022;10:46:56.939;-146;-115;0;-47;;;;
;28/11/2022;10:46:57.001;-146;-115;0;-70;;;;
;28/11/2022;10:46:57.064;-146;-115;0;-70;;;;
;28/11/2022;10:46:57.126;-146;-115;0;-70;;;;
;28/11/2022;10:46:57.189;-146;-115;0;-70;;;;
;28/11/2022;10:46:57.251;-142;-115;266;-70;;;;
;28/11/2022;10:46:57.314;-138;-117;266;-163;;;;
;28/11/2022;10:46:57.376;-134;-119;266;-163;;;;
;28/11/2022;10:46:57.439;-125;-123;266;-163;;;;
;28/11/2022;10:46:57.517;-121;-125;266;-163;;;;
;28/11/2022;10:46:57.580;-117;-128;502;-163;;;;
;28/11/2022;10:46:57.626;-113;-128;502;-30;;;;
;28/11/2022;10:46:57.689;-109;-128;502;-30;;;;
;28/11/2022;10:46:57.751;-102;-128;502;-30;;;;
;28/11/2022;10:46:57.814;-98;-128;502;-30;;;;
;28/11/2022;10:46:57.876;-95;-128;600;-30;;;;
;28/11/2022;10:46:57.939;-88;-128;600;0;;;;
;28/11/2022;10:46:58.017;-84;-128;600;0;;;;
;28/11/2022;10:46:58.079;-80;-128;600;0;;;;
;28/11/2022;10:46:58.126;-77;-128;600;0;;;;
;28/11/2022;10:46:58.189;-69;-128;637;0;;;;
;28/11/2022;10:46:58.267;-66;-128;637;0;;;;
;28/11/2022;10:46:58.314;-62;-128;637;0;;;;
;28/11/2022;10:46:58.376;-58;-128;637;0;;;;
;28/11/2022;10:46:58.439;-51;-128;637;0;;;;
;28/11/2022;10:46:58.517;-47;-128;675;0;;;;
;28/11/2022;10:46:58.580;-44;-128;675;0;;;;
;28/11/2022;10:46:58.642;-37;-128;675;0;;;;
;28/11/2022;10:46:58.705;-33;-128;675;0;;;;
;28/11/2022;10:46:58.767;-29;-128;675;0;;;;
;28/11/2022;10:46:58.830;-26;-128;675;0;;;;
;28/11/2022;10:46:58.892;-22;-128;595;0;;;;
;28/11/2022;10:46:58.955;-15;-128;595;102;;;;
;28/11/2022;10:46:59.017;-11;-127;595;102;;;;
;28/11/2022;10:46:59.080;-7;-126;595;102;;;;
;28/11/2022;10:46:59.127;-3;-125;595;102;;;;
;28/11/2022;10:46:59.189;0;-124;580;102;;;;
;28/11/2022;10:46:59.251;8;-122;580;65;;;;
;28/11/2022;10:46:59.314;12;-122;580;65;;;;
;28/11/2022;10:46:59.376;16;-122;580;65;;;;
;28/11/2022;10:46:59.439;19;-122;580;65;;;;
;28/11/2022;10:46:59.502;26;-122;486;65;;;;
;28/11/2022;10:46:59.564;30;-122;486;65;;;;
;28/11/2022;10:46:59.627;34;-122;486;61;;;;
;28/11/2022;10:46:59.689;37;-122;486;61;;;;
;28/11/2022;10:46:59.752;44;-122;486;61;;;;
;28/11/2022;10:46:59.830;48;-122;474;61;;;;
;28/11/2022;10:46:59.908;55;-122;474;67;;;;
;28/11/2022;10:46:59.955;59;-122;474;67;;;;
;28/11/2022;10:47:00.033;63;-122;474;67;;;;
;28/11/2022;10:47:00.080;66;-122;474;67;;;;
;28/11/2022;10:47:00.142;74;-122;438;67;;;;
;28/11/2022;10:47:00.189;77;-122;438;72;;;;
;28/11/2022;10:47:00.267;81;-122;438;72;;;;
;28/11/2022;10:47:00.330;85;-122;438;72;;;;
;28/11/2022;10:47:00.377;88;-122;438;72;;;;
;28/11/2022;10:47:00.439;92;-122;370;72;;;;
;28/11/2022;10:47:00.502;99;-122;370;76;;;;
;28/11/2022;10:47:00.580;103;-122;370;76;;;;
;28/11/2022;10:47:00.658;110;-122;370;76;;;;
;28/11/2022;10:47:00.689;114;-122;197;76;;;;
;28/11/2022;10:47:00.783;116;-122;197;76;;;;
;28/11/2022;10:47:00.814;119;-122;197;72;;;;
;28/11/2022;10:47:00.892;124;-122;197;72;;;;
;28/11/2022;10:47:00.955;126;-122;197;72;;;;
;28/11/2022;10:47:01.017;129;-122;0;72;;;;
;28/11/2022;10:47:01.064;129;-122;0;72;;;;
;28/11/2022;10:47:01.127;129;-122;0;0;;;;
;28/11/2022;10:47:01.189;129;-122;0;0;;;;
;28/11/2022;10:47:01.252;129;-122;0;0;;;;
;28/11/2022;10:47:01.314;129;-122;0;0;;;;
;28/11/2022;10:47:01.377;129;-122;0;0;;;;
;28/11/2022;10:47:01.439;129;-122;0;29;;;;
;28/11/2022;10:47:01.502;129;-122;0;29;;;;
;28/11/2022;10:47:01.564;129;-122;0;29;;;;
;28/11/2022;10:47:01.642;129;-122;0;29;;;;
;28/11/2022;10:47:01.705;129;-122;0;29;;;;
;28/11/2022;10:47:01.767;129;-122;0;83;;;;
;28/11/2022;10:47:01.814;129;-122;0;83;;;;
;28/11/2022;10:47:01.877;129;-122;0;83;;;;
;28/11/2022;10:47:01.939;129;-122;0;83;;;;
4;28/11/2022;10:47:02.002;129;-122;-32;83;;;;
;28/11/2022;10:47:02.064;129;-119;-32;202;;;;
;28/11/2022;10:47:02.143;129;-116;-32;202;;;;
;28/11/2022;10:47:02.205;129;-110;-32;202;;;;
;28/11/2022;10:47:02.267;129;-107;-32;202;;;;
;28/11/2022;10:47:02.314;126;-105;-404;202;;;;
;28/11/2022;10:47:02.377;122;-103;-404;123;;;;
;28/11/2022;10:47:02.455;114;-100;-404;123;;;;
;28/11/2022;10:47:02.533;110;-99;-404;123;;;;
;28/11/2022;10:47:02.564;106;-97;-404;123;;;;
;28/11/2022;10:47:02.642;97;-94;-800;156;;;;
;28/11/2022;10:47:02.689;97;-94;-800;156;;;;
;28/11/2022;10:47:02.752;89;-90;-800;156;;;;
;28/11/2022;10:47:02.830;84;-88;-800;156;;;;
;28/11/2022;10:47:02.892;75;-83;-526;156;;;;
;28/11/2022;10:47:02.939;75;-83;-526;156;;;;
;28/11/2022;10:47:03.002;66;-76;-526;418;;;;
;28/11/2022;10:47:03.080;61;-71;-526;418;;;;
;28/11/2022;10:47:03.143;52;-61;-526;418;;;;
;28/11/2022;10:47:03.205;47;-57;-223;418;;;;
;28/11/2022;10:47:03.252;44;-53;-223;679;;;;
;28/11/2022;10:47:03.330;40;-50;-223;679;;;;
;28/11/2022;10:47:03.392;34;-43;-223;679;;;;
;28/11/2022;10:47:03.439;34;-43;-223;679;;;;
;28/11/2022;10:47:03.502;27;-36;-100;679;;;;
;28/11/2022;10:47:03.580;27;-32;-100;679;;;;
;28/11/2022;10:47:03.642;27;-25;-100;416;;;;
;28/11/2022;10:47:03.689;27;-25;-100;416;;;;
;28/11/2022;10:47:03.752;27;-18;-100;416;;;;
;28/11/2022;10:47:03.814;27;-14;-100;416;;;;
;28/11/2022;10:47:03.892;26;-10;-116;416;;;;
;28/11/2022;10:47:03.971;23;-2;-116;221;;;;
;28/11/2022;10:47:04.017;22;0;-116;221;;;;
;28/11/2022;10:47:04.080;20;3;-116;221;;;;
;28/11/2022;10:47:04.127;19;7;-116;221;;;;
;28/11/2022;10:47:04.205;12;13;-417;221;;;;
;28/11/2022;10:47:04.283;9;14;-417;0;;;;
;28/11/2022;10:47:04.330;5;14;-417;0;;;;
;28/11/2022;10:47:04.392;-2;14;-417;0;;;;
;28/11/2022;10:47:04.439;-2;14;-417;0;;;;
;28/11/2022;10:47:04.517;-10;14;-464;0;;;;
;28/11/2022;10:47:04.596;-17;14;-464;0;;;;
;28/11/2022;10:47:04.627;-17;14;-464;0;;;;
;28/11/2022;10:47:04.705;-25;14;-464;0;;;;
;28/11/2022;10:47:04.768;-27;14;-86;0;;;;
;28/11/2022;10:47:04.815;-27;14;-86;0;;;;
;28/11/2022;10:47:04.877;-27;15;-86;122;;;;
;28/11/2022;10:47:04.955;-27;18;-86;122;;;;
;28/11/2022;10:47:05.033;-27;19;-86;122;;;;
;28/11/2022;10:47:05.065;-27;20;0;122;;;;
;28/11/2022;10:47:05.127;-27;22;0;122;;;;
;28/11/2022;10:47:05.205;-27;23;0;91;;;;
;28/11/2022;10:47:05.252;-27;23;0;91;;;;
;28/11/2022;10:47:05.315;-27;23;0;91;;;;
;28/11/2022;10:47:05.377;-27;23;-89;91;;;;
;28/11/2022;10:47:05.440;-27;23;-89;0;;;;
;28/11/2022;10:47:05.518;-27;23;-89;0;;;;
;28/11/2022;10:47:05.580;-27;23;-89;0;;;;
;28/11/2022;10:47:05.627;-27;23;-89;0;;;;
;28/11/2022;10:47:05.690;-30;23;-216;0;;;;
;28/11/2022;10:47:05.768;-33;23;-216;0;;;;
;28/11/2022;10:47:05.815;-36;23;-216;0;;;;
;28/11/2022;10:47:05.877;-39;23;-216;0;;;;
;28/11/2022;10:47:05.940;-45;23;-216;0;;;;
;28/11/2022;10:47:06.018;-48;23;-385;0;;;;
;28/11/2022;10:47:06.080;-52;23;-385;0;;;;
;28/11/2022;10:47:06.127;-56;23;-385;47;;;;
;28/11/2022;10:47:06.190;-64;23;-385;47;;;;
;28/11/2022;10:47:06.268;-67;23;-385;47;;;;
;28/11/2022;10:47:06.330;-71;23;-213;47;;;;
;28/11/2022;10:47:06.377;-73;23;-213;47;;;;
;28/11/2022;10:47:06.455;-80;29;-213;243;;;;
;28/11/2022;10:47:06.534;-83;32;-213;243;;;;
;28/11/2022;10:47:06.580;-86;35;-213;243;;;;
;28/11/2022;10:47:06.658;-88;42;-87;243;;;;
;28/11/2022;10:47:06.705;-88;45;-87;358;;;;
;28/11/2022;10:47:06.784;-88;49;-87;358;;;;
;28/11/2022;10:47:06.815;-88;52;-87;358;;;;
;28/11/2022;10:47:06.893;-88;56;-87;358;;;;
;28/11/2022;10:47:06.940;-88;60;-109;358;;;;
;28/11/2022;10:47:07.018;-91;67;-109;190;;;;
;28/11/2022;10:47:07.065;-92;69;-109;190;;;;
;28/11/2022;10:47:07.143;-93;72;-109;190;;;;
;28/11/2022;10:47:07.205;-96;77;-118;190;;;;
;28/11/2022;10:47:07.252;-97;79;-118;190;;;;
;28/11/2022;10:47:07.330;-99;81;-118;0;;;;
;28/11/2022;10:47:07.377;-100;81;-118;0;;;;
;28/11/2022;10:47:07.455;-103;81;-118;0;;;;
;28/11/2022;10:47:07.533;-105;81;-106;0;;;;
;28/11/2022;10:47:07.580;-106;81;-106;0;;;;
;28/11/2022;10:47:07.659;-108;81;-106;29;;;;
;28/11/2022;10:47:07.690;-110;81;-106;29;;;;
;28/11/2022;10:47:07.768;-111;81;-106;29;;;;
;28/11/2022;10:47:07.815;-112;81;-39;29;;;;
;28/11/2022;10:47:07.893;-112;81;-39;29;;;;
;28/11/2022;10:47:07.971;-112;84;-39;170;;;;
;28/11/2022;10:47:08.018;-112;86;-39;170;;;;
;28/11/2022;10:47:08.096;-112;89;-39;170;;;;
;28/11/2022;10:47:08.127;-112;91;-39;170;;;;
;28/11/2022;10:47:08.205;-112;96;-47;170;;;;
;28/11/2022;10:47:08.284;-112;98;-47;119;;;;
;28/11/2022;10:47:08.315;-112;99;-47;119;;;;
;28/11/2022;10:47:08.393;-112;101;-47;119;;;;
;28/11/2022;10:47:08.455;-112;104;-47;119;;;;
5;28/11/2022;10:47:08.534;-112;105;-47;119;;;;
;28/11/2022;10:47:08.565;-112;105;-47;0;;;;
;28/11/2022;10:47:08.643;-112;105;-47;0;;;;
;28/11/2022;10:47:08.705;-112;105;-47;0;;;;
;28/11/2022;10:47:08.784;-112;105;-61;0;;;;
;28/11/2022;10:47:08.831;-112;105;-61;0;;;;
;28/11/2022;10:47:08.893;-112;105;-61;0;;;;
;28/11/2022;10:47:08.940;-112;105;-61;0;;;;
;28/11/2022;10:47:09.018;-112;105;-61;0;;;;
;28/11/2022;10:47:09.096;-112;105;-54;0;;;;
;28/11/2022;10:47:09.143;-112;105;-54;0;;;;
;28/11/2022;10:47:09.206;-112;105;-54;62;;;;
;28/11/2022;10:47:09.252;-112;105;-54;62;;;;
;28/11/2022;10:47:09.331;-112;105;-54;62;;;;
;28/11/2022;10:47:09.393;-112;105;-46;62;;;;
;28/11/2022;10:47:09.440;-112;105;-46;62;;;;
;28/11/2022;10:47:09.502;-112;105;-46;44;;;;
;28/11/2022;10:47:09.581;-112;105;-46;44;;;;
;28/11/2022;10:47:09.627;-112;105;-46;44;;;;
;28/11/2022;10:47:09.690;-112;105;-42;44;;;;
;28/11/2022;10:47:09.768;-112;105;-42;44;;;;
;28/11/2022;10:47:09.831;-112;105;-42;0;;;;
;28/11/2022;10:47:09.877;-112;105;-42;0;;;;
;28/11/2022;10:47:09.956;-112;105;-70;0;;;;
;28/11/2022;10:47:10.018;-112;105;-70;0;;;;
;28/11/2022;10:47:10.065;-112;105;-70;-176;;;;
;28/11/2022;10:47:10.128;-112;103;-70;-176;;;;
;28/11/2022;10:47:10.206;-112;98;-70;-176;;;;
;28/11/2022;10:47:10.269;-112;95;-70;-176;;;;
;28/11/2022;10:47:10.316;-112;93;-71;-176;;;;
;28/11/2022;10:47:10.394;-112;90;-71;-176;;;;
;28/11/2022;10:47:10.456;-112;84;-71;-229;;;;
;28/11/2022;10:47:10.503;-112;80;-71;-229;;;;
;28/11/2022;10:47:10.581;-112;77;-71;-229;;;;
;28/11/2022;10:47:10.644;-112;74;-69;-229;;;;
;28/11/2022;10:47:10.691;-112;70;-69;-229;;;;
;28/11/2022;10:47:10.769;-112;65;-69;-191;;;;
;28/11/2022;10:47:10.847;-112;63;-69;-191;;;;
;28/11/2022;10:47:10.894;-112;60;-69;-191;;;;
;28/11/2022;10:47:10.972;-112;55;-51;-191;;;;
;28/11/2022;10:47:11.019;-112;52;-51;-220;;;;
;28/11/2022;10:47:11.067;-112;49;-51;-220;;;;
;28/11/2022;10:47:11.146;-112;45;-51;-220;;;;
;28/11/2022;10:47:11.224;-112;39;-38;-220;;;;
;28/11/2022;10:47:11.270;-112;35;-38;-220;;;;
;28/11/2022;10:47:11.349;-112;30;-38;-184;;;;
;28/11/2022;10:47:11.396;-112;30;-38;-184;;;;
;28/11/2022;10:47:11.474;-112;25;-38;-184;;;;
;28/11/2022;10:47:11.521;-112;22;0;-184;;;;
;28/11/2022;10:47:11.599;-112;17;0;-243;;;;
;28/11/2022;10:47:11.646;-112;13;0;-243;;;;
;28/11/2022;10:47:11.693;-112;13;0;-243;;;;
;28/11/2022;10:47:11.771;-112;7;0;-243;;;;
;28/11/2022;10:47:11.849;-112;0;0;-243;;;;
;28/11/2022;10:47:11.896;-112;-2;0;-183;;;;
;28/11/2022;10:47:11.942;-112;-5;0;-183;;;;
;28/11/2022;10:47:12.021;-112;-7;0;-183;;;;
;28/11/2022;10:47:12.068;-112;-10;0;-183;;;;
;28/11/2022;10:47:12.146;-112;-15;0;-183;;;;
;28/11/2022;10:47:12.192;-112;-15;0;-183;;;;
;28/11/2022;10:47:12.271;-112;-20;0;-197;;;;
;28/11/2022;10:47:12.317;-112;-23;0;-197;;;;
;28/11/2022;10:47:12.396;-112;-25;0;-197;;;;
;28/11/2022;10:47:12.474;-112;-30;0;-197;;;;
;28/11/2022;10:47:12.521;-112;-33;0;-197;;;;
;28/11/2022;10:47:12.599;-112;-38;0;-187;;;;
;28/11/2022;10:47:12.646;-112;-38;0;-187;;;;
;28/11/2022;10:47:12.724;-112;-43;0;-187;;;;
;28/11/2022;10:47:12.771;-112;-46;0;-187;;;;
;28/11/2022;10:47:12.818;-112;-48;0;-187;;;;
;28/11/2022;10:47:12.896;-112;-51;0;-209;;;;
;28/11/2022;10:47:12.942;-112;-55;0;-209;;;;
;28/11/2022;10:47:13.021;-112;-61;0;-209;;;;
;28/11/2022;10:47:13.067;-112;-65;0;-209;;;;
;28/11/2022;10:47:13.146;-112;-71;0;-221;;;;
;28/11/2022;10:47:13.208;-112;-74;0;-221;;;;
;28/11/2022;10:47:13.286;-112;-78;0;-221;;;;
;28/11/2022;10:47:13.333;-112;-81;0;-221;;;;
;28/11/2022;10:47:13.396;-112;-88;0;-221;;;;
;28/11/2022;10:47:13.443;-112;-91;0;-315;;;;
;28/11/2022;10:47:13.536;-112;-95;0;-315;;;;
;28/11/2022;10:47:13.583;-112;-98;0;-315;;;;
;28/11/2022;10:47:13.661;-112;-106;0;-315;;;;
;28/11/2022;10:47:13.708;-112;-109;0;-315;;;;
;28/11/2022;10:47:13.786;-112;-113;0;-278;;;;
;28/11/2022;10:47:13.833;-112;-118;0;-278;;;;
;28/11/2022;10:47:13.911;-112;-128;0;-278;;;;
;28/11/2022;10:47:13.943;-112;-130;0;-278;;;;
;28/11/2022;10:47:14.036;-112;-130;0;-278;;;;
;28/11/2022;10:47:14.068;-112;-130;0;0;;;;
6;28/11/2022;10:47:14.161;-112;-128;0;129;;;;
;28/11/2022;10:47:14.208;-112;-126;0;129;;;;
;28/11/2022;10:47:14.286;-112;-125;-29;129;;;;
;28/11/2022;10:47:14.333;-112;-123;-29;129;;;;
;28/11/2022;10:47:14.411;-112;-121;-29;129;;;;
;28/11/2022;10:47:14.458;-112;-119;-29;38;;;;
;28/11/2022;10:47:14.537;-112;-119;-29;38;;;;
;28/11/2022;10:47:14.583;-112;-119;-29;38;;;;
;28/11/2022;10:47:14.646;-112;-119;-28;38;;;;
;28/11/2022;10:47:14.693;-112;-119;-28;38;;;;
;28/11/2022;10:47:14.771;-112;-119;-28;38;;;;
;28/11/2022;10:47:14.849;-112;-119;-28;0;;;;
;28/11/2022;10:47:14.896;-112;-119;-28;0;;;;
;28/11/2022;10:47:14.958;-112;-119;-26;0;;;;
;28/11/2022;10:47:15.005;-112;-119;-26;0;;;;
;28/11/2022;10:47:15.083;-112;-119;-26;0;;;;
;28/11/2022;10:47:15.161;-112;-119;-26;0;;;;
;28/11/2022;10:47:15.193;-112;-119;-26;0;;;;
;28/11/2022;10:47:15.271;-112;-119;0;0;;;;
;28/11/2022;10:47:15.318;-112;-119;0;0;;;;
;28/11/2022;10:47:15.396;-112;-119;0;56;;;;
;28/11/2022;10:47:15.443;-112;-119;0;56;;;;
;28/11/2022;10:47:15.536;-112;-119;0;56;;;;
;28/11/2022;10:47:15.568;-112;-119;0;56;;;;
;28/11/2022;10:47:15.646;-112;-119;0;56;;;;
;28/11/2022;10:47:15.724;-112;-119;0;69;;;;
;28/11/2022;10:47:15.771;-112;-119;0;69;;;;
;28/11/2022;10:47:15.849;-112;-119;0;69;;;;
;28/11/2022;10:47:15.896;-112;-119;0;69;;;;
;28/11/2022;10:47:15.943;-112;-119;0;69;;;;
;28/11/2022;10:47:16.036;-112;-119;0;0;;;;
;28/11/2022;10:47:16.083;-112;-119;0;0;;;;
;28/11/2022;10:47:16.146;-112;-119;0;0;;;;
;28/11/2022;10:47:16.224;-112;-119;0;0;;;;
;28/11/2022;10:47:16.255;-112;-119;0;0;;;;
;28/11/2022;10:47:16.333;-112;-119;0;0;;;;
;28/11/2022;10:47:16.380;-112;-119;0;0;;;;
;28/11/2022;10:47:16.458;-108;-119;250;0;;;;
;28/11/2022;10:47:16.537;-104;-119;250;0;;;;
;28/11/2022;10:47:16.583;-101;-119;250;0;;;;
;28/11/2022;10:47:16.630;-97;-119;250;0;;;;
;28/11/2022;10:47:16.708;-89;-115;680;257;;;;
;28/11/2022;10:47:16.771;-85;-112;680;257;;;;
;28/11/2022;10:47:16.849;-78;-106;680;257;;;;
;28/11/2022;10:47:16.896;-78;-106;680;257;;;;
;28/11/2022;10:47:16.943;-74;-103;680;257;;;;
;28/11/2022;10:47:17.037;-67;-98;680;108;;;;
;28/11/2022;10:47:17.083;-68;-97;842;108;;;;
;28/11/2022;10:47:17.131;-72;-96;842;108;;;;
;28/11/2022;10:47:17.209;-81;-93;842;108;;;;
;28/11/2022;10:47:17.256;-85;-92;842;108;;;;
;28/11/2022;10:47:17.350;-89;-91;842;67;;;;
;28/11/2022;10:47:17.396;-97;-91;1091;67;;;;
;28/11/2022;10:47:17.443;-97;-91;1091;67;;;;
;28/11/2022;10:47:17.537;-104;-91;1091;67;;;;
;28/11/2022;10:47:17.584;-107;-91;1091;67;;;;
;28/11/2022;10:47:17.662;-115;-91;857;37;;;;
;28/11/2022;10:47:17.709;-118;-91;857;37;;;;
;28/11/2022;10:47:17.756;-122;-91;857;37;;;;
;28/11/2022;10:47:17.834;-125;-91;857;37;;;;
;28/11/2022;10:47:17.912;-133;-91;857;-29;;;;
;28/11/2022;10:47:17.959;-134;-91;596;-29;;;;
;28/11/2022;10:47:18.006;-131;-91;596;-29;;;;
;28/11/2022;10:47:18.100;-127;-91;596;-29;;;;
;28/11/2022;10:47:18.147;-123;-91;596;-50;;;;
;28/11/2022;10:47:18.194;-120;-91;596;-50;;;;
;28/11/2022;10:47:18.271;-113;-91;416;-50;;;;
;28/11/2022;10:47:18.319;-109;-91;416;-50;;;;
;28/11/2022;10:47:18.412;-102;-91;416;-92;;;;
;28/11/2022;10:47:18.459;-98;-91;416;-92;;;;
;28/11/2022;10:47:18.553;-91;-91;0;-92;;;;
;28/11/2022;10:47:18.600;-91;-91;0;-92;;;;
;28/11/2022;10:47:18.646;-91;-91;0;-92;;;;
;28/11/2022;10:47:18.725;-91;-91;0;-107;;;;
;28/11/2022;10:47:18.771;-91;-93;0;-107;;;;
;28/11/2022;10:47:18.818;-91;-94;0;-107;;;;
;28/11/2022;10:47:18.897;-91;-97;0;-107;;;;
;28/11/2022;10:47:18.959;-91;-98;0;-107;;;;
;28/11/2022;10:47:19.037;-91;-99;0;-107;;;;
;28/11/2022;10:47:19.084;-91;-99;0;-73;;;;
;28/11/2022;10:47:19.131;-91;-99;0;-73;;;;
;28/11/2022;10:47:19.209;-90;-99;132;-73;;;;
;28/11/2022;10:47:19.256;-88;-99;132;-73;;;;
;28/11/2022;10:47:19.334;-87;-99;132;-73;;;;
;28/11/2022;10:47:19.381;-85;-99;132;-38;;;;
;28/11/2022;10:47:19.475;-82;-99;132;-38;;;;
;28/11/2022;10:47:19.522;-79;-99;237;-38;;;;
;28/11/2022;10:47:19.569;-76;-99;237;-38;;;;
;28/11/2022;10:47:19.647;-69;-99;237;0;;;;
;28/11/2022;10:47:19.709;-66;-99;237;0;;;;
;28/11/2022;10:47:19.787;-63;-99;237;0;;;;
;28/11/2022;10:47:19.834;-59;-99;439;0;;;;
;28/11/2022;10:47:19.881;-55;-99;439;0;;;;
;28/11/2022;10:47:19.959;-48;-99;439;0;;;;
;28/11/2022;10:47:20.022;-44;-99;439;0;;;;
;28/11/2022;10:47:20.100;-41;-99;439;0;;;;
;28/11/2022;10:47:20.147;-37;-99;439;0;;;;
;28/11/2022;10:47:20.225;-30;-99;554;0;;;;
;28/11/2022;10:47:20.272;-26;-99;554;0;;;;
;28/11/2022;10:47:20.350;-19;-99;554;0;;;;
;28/11/2022;10:47:20.412;-15;-99;554;0;;;;
;28/11/2022;10:47:20.459;-12;-99;622;0;;;;
;28/11/2022;10:47:20.506;-8;-99;622;0;;;;
;28/11/2022;10:47:20.600;-4;-99;622;0;;;;
;28/11/2022;10:47:20.647;-1;-99;622;0;;;;
;28/11/2022;10:47:20.709;5;-99;622;26;;;;
;28/11/2022;10:47:20.787;9;-99;606;26;;;;
;28/11/2022;10:47:20.850;13;-99;606;26;;;;
;28/11/2022;10:47:20.897;16;-99;606;26;;;;
;28/11/2022;10:47:20.959;24;-99;606;0;;;;
;28/11/2022;10:47:21.022;27;-99;606;0;;;;
;28/11/2022;10:47:21.100;35;-99;567;0;;;;
;28/11/2022;10:47:21.162;38;-99;567;0;;;;
;28/11/2022;10:47:21.209;42;-99;567;0;;;;
;28/11/2022;10:47:21.272;45;-99;567;0;;;;
;28/11/2022;10:47:21.350;53;-99;567;0;;;;
;28/11/2022;10:47:21.397;56;-99;542;0;;;;
;28/11/2022;10:47:21.459;60;-99;542;0;;;;
;28/11/2022;10:47:21.553;64;-99;542;0;;;;
;28/11/2022;10:47:21.600;67;-99;542;0;;;;
;28/11/2022;10:47:21.647;71;-99;542;30;;;;
;28/11/2022;10:47:21.694;75;-99;542;30;;;;
;28/11/2022;10:47:21.787;82;-99;532;30;;;;
;28/11/2022;10:47:21.850;85;-99;532;30;;;;
;28/11/2022;10:47:21.897;89;-99;532;30;;;;
;28/11/2022;10:47:21.944;93;-99;532;36;;;;
;28/11/2022;10:47:22.038;100;-99;527;36;;;;
;28/11/2022;10:47:22.084;104;-99;527;36;;;;
;28/11/2022;10:47:22.131;108;-99;527;36;;;;
;28/11/2022;10:47:22.225;115;-99;527;0;;;;
;28/11/2022;10:47:22.272;119;-99;527;0;;;;
;28/11/2022;10:47:22.319;121;-99;0;0;;;;
;28/11/2022;10:47:22.412;121;-99;0;0;;;;
;28/11/2022;10:47:22.459;121;-99;0;0;;;;
;28/11/2022;10:47:22.538;121;-99;0;0;;;;
;28/11/2022;10:47:22.584;121;-99;0;0;;;;
;28/11/2022;10:47:22.663;121;-99;0;0;;;;
;28/11/2022;10:47:22.709;121;-99;0;0;;;;
;28/11/2022;10:47:22.788;121;-99;0;0;;;;
;28/11/2022;10:47:22.834;121;-99;0;0;;;;
;28/11/2022;10:47:22.913;121;-99;0;0;;;;
;28/11/2022;10:47:22.959;121;-99;0;0;;;;
;28/11/2022;10:47:23.006;121;-99;0;0;;;;
;28/11/2022;10:47:23.100;121;-99;0;0;;;;
;28/11/2022;10:47:23.147;121;-99;0;0;;;;
;28/11/2022;10:47:23.225;121;-99;360;0;;;;
;28/11/2022;10:47:23.272;124;-99;360;0;;;;
;28/11/2022;10:47:23.334;128;-99;360;0;;;;
;28/11/2022;10:47:23.412;135;-99;360;0;;;;
;28/11/2022;10:47:23.460;139;-99;360;0;;;;
;28/11/2022;10:47:23.506;142;-99;360;0;;;;
;28/11/2022;10:47:23.600;143;-99;0;0;;;;
;28/11/2022;10:47:23.647;143;-99;0;0;;;;
;28/11/2022;10:47:23.694;143;-99;0;0;;;;
;28/11/2022;10:47:23.788;143;-99;0;0;;;;
;28/11/2022;10:47:23.834;143;-99;0;0;;;;
;28/11/2022;10:47:23.881;143;-99;-47;0;;;;
;28/11/2022;10:47:23.975;143;-99;-47;0;;;;
;28/11/2022;10:47:24.022;143;-99;-47;0;;;;
;28/11/2022;10:47:24.069;143;-99;-47;0;;;;
7;28/11/2022;10:47:24.147;143;-99;-113;0;;;;
;28/11/2022;10:47:24.209;141;-99;-113;0;;;;
;28/11/2022;10:47:24.288;140;-99;-113;0;;;;
;28/11/2022;10:47:24.335;139;-99;-113;0;;;;
;28/11/2022;10:47:24.397;137;-98;-113;256;;;;
;28/11/2022;10:47:24.459;134;-91;-399;256;;;;
;28/11/2022;10:47:24.553;127;-84;-399;256;;;;
;28/11/2022;10:47:24.600;124;-81;-399;256;;;;
;28/11/2022;10:47:24.663;120;-77;-399;340;;;;
;28/11/2022;10:47:24.709;115;-72;-399;340;;;;
;28/11/2022;10:47:24.756;110;-68;-432;340;;;;
;28/11/2022;10:47:24.866;101;-58;-432;340;;;;
;28/11/2022;10:47:24.913;96;-53;-432;340;;;;
;28/11/2022;10:47:24.959;91;-49;-432;190;;;;
;28/11/2022;10:47:25.022;87;-46;-432;190;;;;
;28/11/2022;10:47:25.116;78;-42;-617;190;;;;
;28/11/2022;10:47:25.163;73;-39;-617;190;;;;
;28/11/2022;10:47:25.225;69;-37;-617;190;;;;
;28/11/2022;10:47:25.272;64;-35;-617;204;;;;
;28/11/2022;10:47:25.334;61;-31;-617;204;;;;
;28/11/2022;10:47:25.428;54;-25;-441;204;;;;
;28/11/2022;10:47:25.491;51;-22;-441;204;;;;
;28/11/2022;10:47:25.553;47;-18;-441;204;;;;
;28/11/2022;10:47:25.616;40;-13;-441;141;;;;
;28/11/2022;10:47:25.678;37;-11;-441;141;;;;
;28/11/2022;10:47:25.725;33;-10;-373;141;;;;
;28/11/2022;10:47:25.788;30;-8;-373;141;;;;
;28/11/2022;10:47:25.850;26;-6;-373;141;;;;
;28/11/2022;10:47:25.913;19;-2;-373;239;;;;
;28/11/2022;10:47:25.960;16;1;-373;239;;;;
;28/11/2022;10:47:26.022;13;4;-198;239;;;;
;28/11/2022;10:47:26.085;10;7;-198;239;;;;
;28/11/2022;10:47:26.147;8;11;-198;239;;;;
;28/11/2022;10:47:26.272;0;20;-198;207;;;;
;28/11/2022;10:47:26.335;-1;23;-137;207;;;;
;28/11/2022;10:47:26.397;-3;27;-137;207;;;;
;28/11/2022;10:47:26.460;-6;33;-137;207;;;;
;28/11/2022;10:47:26.569;-10;38;-137;155;;;;
;28/11/2022;10:47:26.678;-11;42;-98;155;;;;
;28/11/2022;10:47:26.741;-11;44;-98;155;;;;
;28/11/2022;10:47:26.788;-11;46;-98;155;;;;
;28/11/2022;10:47:26.835;-11;48;-98;147;;;;
;28/11/2022;10:47:26.897;-11;50;-98;147;;;;
;28/11/2022;10:47:26.991;-12;54;-103;147;;;;
;28/11/2022;10:47:27.053;-14;56;-103;147;;;;
;28/11/2022;10:47:27.100;-15;58;-103;147;;;;
;28/11/2022;10:47:27.163;-17;59;-103;99;;;;
;28/11/2022;10:47:27.225;-18;59;-289;99;;;;
;28/11/2022;10:47:27.272;-24;59;-289;99;;;;
;28/11/2022;10:47:27.319;-29;59;-289;99;;;;
;28/11/2022;10:47:27.413;-40;60;-289;117;;;;
;28/11/2022;10:47:27.475;-45;61;-289;117;;;;
;28/11/2022;10:47:27.522;-50;62;-213;117;;;;
;28/11/2022;10:47:27.585;-53;64;-213;117;;;;
;28/11/2022;10:47:27.678;-59;67;-213;117;;;;
;28/11/2022;10:47:27.741;-63;68;-213;117;;;;
;28/11/2022;10:47:27.788;-66;70;-213;160;;;;
;28/11/2022;10:47:27.851;-69;72;-213;160;;;;
;28/11/2022;10:47:27.913;-74;76;-170;160;;;;
;28/11/2022;10:47:27.960;-77;78;-170;160;;;;
;28/11/2022;10:47:28.022;-79;80;-170;160;;;;
;28/11/2022;10:47:28.116;-84;85;-170;191;;;;
;28/11/2022;10:47:28.179;-85;88;-97;191;;;;
;28/11/2022;10:47:28.226;-85;90;-97;191;;;;
;28/11/2022;10:47:28.288;-85;93;-97;191;;;;
;28/11/2022;10:47:28.335;-85;95;-97;191;;;;
;28/11/2022;10:47:28.382;-85;98;-97;191;;;;
;28/11/2022;10:47:28.475;-85;101;-90;124;;;;
;28/11/2022;10:47:28.553;-85;103;-90;124;;;;
;28/11/2022;10:47:28.600;-85;104;-90;124;;;;
;28/11/2022;10:47:28.663;-85;107;-90;124;;;;
;28/11/2022;10:47:28.710;-85;108;-90;51;;;;
;28/11/2022;10:47:28.772;-85;108;-100;51;;;;
;28/11/2022;10:47:28.835;-85;108;-100;51;;;;
;28/11/2022;10:47:28.928;-85;108;-100;51;;;;
;28/11/2022;10:47:28.975;-85;108;-100;51;;;;
;28/11/2022;10:47:29.038;-85;108;-100;0;;;;
;28/11/2022;10:47:29.085;-85;108;-212;0;;;;
;28/11/2022;10:47:29.147;-88;108;-212;0;;;;
;28/11/2022;10:47:29.210;-94;108;-212;0;;;;
;28/11/2022;10:47:29.272;-97;108;-212;0;;;;
;28/11/2022;10:47:29.319;-100;108;-212;0;;;;
8;28/11/2022;10:47:29.429;-103;108;-100;0;;;;
;28/11/2022;10:47:29.475;-103;108;-100;0;;;;
;28/11/2022;10:47:29.538;-103;108;-100;0;;;;
;28/11/2022;10:47:29.585;-103;108;-100;0;;;;
;28/11/2022;10:47:29.647;-103;108;-100;0;;;;
;28/11/2022;10:47:29.710;-103;108;0;0;;;;
;28/11/2022;10:47:29.757;-103;108;0;0;;;;
;28/11/2022;10:47:29.866;-103;108;0;0;;;;
;28/11/2022;10:47:29.913;-103;108;0;0;;;;
;28/11/2022;10:47:29.975;-103;108;0;0;;;;
;28/11/2022;10:47:30.038;-103;108;0;0;;;;
;28/11/2022;10:47:30.085;-103;108;0;0;;;;
;28/11/2022;10:47:30.147;-103;108;0;0;;;;
;28/11/2022;10:47:30.241;-103;108;0;0;;;;
;28/11/2022;10:47:30.288;-103;108;0;39;;;;
;28/11/2022;10:47:30.350;-103;108;0;39;;;;
;28/11/2022;10:47:30.397;-103;108;0;39;;;;
;28/11/2022;10:47:30.475;-103;108;0;39;;;;
;28/11/2022;10:47:30.538;-103;108;0;39;;;;
;28/11/2022;10:47:30.585;-103;108;0;0;;;;
;28/11/2022;10:47:30.647;-103;108;0;0;;;;
;28/11/2022;10:47:30.710;-99;108;163;0;;;;
;28/11/2022;10:47:30.772;-97;108;163;0;;;;
;28/11/2022;10:47:30.835;-95;108;163;0;;;;
;28/11/2022;10:47:30.897;-93;108;163;0;;;;
;28/11/2022;10:47:30.944;-91;108;163;0;;;;
;28/11/2022;10:47:31.054;-81;108;338;0;;;;
;28/11/2022;10:47:31.116;-78;108;338;0;;;;
;28/11/2022;10:47:31.163;-74;108;338;0;;;;
;28/11/2022;10:47:31.226;-70;108;338;0;;;;
;28/11/2022;10:47:31.272;-67;108;330;0;;;;
;28/11/2022;10:47:31.335;-63;108;330;0;;;;
;28/11/2022;10:47:31.429;-56;108;330;0;;;;
;28/11/2022;10:47:31.476;-52;108;330;0;;;;
;28/11/2022;10:47:31.538;-48;108;330;0;;;;
;28/11/2022;10:47:31.585;-45;108;324;0;;;;
;28/11/2022;10:47:31.663;-38;108;324;0;;;;
;28/11/2022;10:47:31.710;-34;108;324;0;;;;
;28/11/2022;10:47:31.772;-30;108;324;0;;;;
;28/11/2022;10:47:31.866;-23;108;312;0;;;;
;28/11/2022;10:47:31.929;-19;108;312;0;;;;
;28/11/2022;10:47:31.976;-16;108;312;0;;;;
;28/11/2022;10:47:32.038;-12;108;312;0;;;;
;28/11/2022;10:47:32.085;-8;108;312;0;;;;
;28/11/2022;10:47:32.147;-5;108;312;0;;;;
;28/11/2022;10:47:32.210;2;108;318;0;;;;
;28/11/2022;10:47:32.272;5;108;318;0;;;;
;28/11/2022;10:47:32.335;9;108;318;0;;;;
;28/11/2022;10:47:32.397;13;108;318;0;;;;
;28/11/2022;10:47:32.444;16;108;318;0;;;;
;28/11/2022;10:47:32.569;27;108;311;0;;;;
;28/11/2022;10:47:32.679;34;108;311;0;;;;
;28/11/2022;10:47:32.741;38;108;311;0;;;;
;28/11/2022;10:47:32.804;42;108;311;0;;;;
;28/11/2022;10:47:32.866;49;108;302;0;;;;
;28/11/2022;10:47:32.929;53;108;302;0;;;;
;28/11/2022;10:47:32.976;56;108;302;0;;;;
;28/11/2022;10:47:33.038;60;108;302;0;;;;
;28/11/2022;10:47:33.101;64;108;302;0;;;;
;28/11/2022;10:47:33.163;71;108;313;0;;;;
;28/11/2022;10:47:33.226;75;108;313;0;;;;
;28/11/2022;10:47:33.288;78;108;313;0;;;;
;28/11/2022;10:47:33.335;82;108;313;0;;;;
;28/11/2022;10:47:33.398;85;108;313;0;;;;
;28/11/2022;10:47:33.476;94;108;270;0;;;;
;28/11/2022;10:47:33.538;99;108;270;0;;;;
;28/11/2022;10:47:33.585;103;108;270;0;;;;
;28/11/2022;10:47:33.648;108;108;270;0;;;;
;28/11/2022;10:47:33.710;117;108;166;0;;;;
;28/11/2022;10:47:33.773;119;108;166;0;;;;
;28/11/2022;10:47:33.835;122;108;166;0;;;;
;28/11/2022;10:47:33.898;124;108;166;0;;;;
;28/11/2022;10:47:33.960;128;108;166;36;;;;
;28/11/2022;10:47:34.023;130;108;0;36;;;;
;28/11/2022;10:47:34.101;130;108;0;36;;;;
;28/11/2022;10:47:34.148;130;108;0;36;;;;
;28/11/2022;10:47:34.210;130;108;0;36;;;;
;28/11/2022;10:47:34.273;130;108;0;36;;;;
;28/11/2022;10:47:34.335;130;108;0;0;;;;
